date,close,ret
2015-01-27,26.290001,
2015-01-28,26.209999,-0.003043
2015-01-29,26.219999,0.000382
2015-01-30,26.219999,0.0
2015-02-02,26.209999,-0.000381
2015-02-03,26.209999,0.0
2015-02-04,26.17,-0.001526
2015-02-05,26.219999,0.001911
2015-02-06,26.219999,0.0
2015-02-09,26.0,-0.008391
2015-02-10,26.0,0.0
2015-02-11,25.07,-0.035769
2015-02-12,21.09,-0.158755
2015-02-13,26.5,0.25652
2015-02-17,26.65,0.00566
2015-02-18,26.74,0.003377
2015-02-19,26.74,0.0
2015-02-20,26.997,0.009611
2015-02-23,27.0,0.000111
2015-02-24,27.049999,0.001852
2015-02-25,27.18,0.004806
2015-02-26,27.18,0.0
2015-02-27,27.200001,0.000736
2015-03-02,27.27,0.002574
2015-03-03,27.091999,-0.006527
2015-03-04,27.040001,-0.001919
2015-03-05,27.139999,0.003698
2015-03-06,26.85,-0.010685
2015-03-09,26.85,0.0
2015-03-10,26.450001,-0.014898
2015-03-11,26.450001,0.0
2015-03-12,26.450001,0.0
2015-03-13,26.940001,0.018526
2015-03-16,26.940001,0.0
2015-03-17,27.0,0.002227
2015-03-18,27.030001,0.001111
2015-03-19,27.030001,0.0
2015-03-20,25.92,-0.041066
2015-03-23,28.08,0.083333
2015-03-24,28.08,0.0
2015-03-25,28.02,-0.002137
2015-03-26,27.6,-0.014989
2015-03-27,27.542,-0.002101
2015-03-30,27.620001,0.002832
2015-03-31,27.25,-0.013396
2015-04-01,27.25,0.0
2015-04-02,27.25,0.0
2015-04-06,27.25,0.0
2015-04-07,27.25,0.0
2015-04-08,28.01,0.02789
2015-04-09,27.92,-0.003213
2015-04-10,27.993999,0.00265
2015-04-13,27.993999,0.0
2015-04-14,27.993999,0.0
2015-04-15,28.101999,0.003858
2015-04-16,28.08,-0.000783
2015-04-17,27.700001,-0.013533
2015-04-20,27.860001,0.005776
2015-04-21,27.860001,0.0
2015-04-22,27.860001,0.0
2015-04-23,28.25,0.013999
2015-04-24,28.25,0.0
2015-04-27,28.416,0.005876
2015-04-28,28.27,-0.005138
2015-04-29,28.15,-0.004245
2015-04-30,28.15,0.0
2015-05-01,28.061001,-0.003162
2015-05-04,27.75,-0.011083
2015-05-05,27.700001,-0.001802
2015-05-06,27.700001,0.0
2015-05-07,27.700001,0.0
2015-05-08,27.700001,0.0
2015-05-11,27.700001,0.0
2015-05-12,27.700001,0.0
2015-05-13,27.700001,0.0
2015-05-14,28.290001,0.0213
2015-05-15,28.32,0.00106
2015-05-18,28.4,0.002825
2015-05-19,28.4,0.0
2015-05-20,28.4,0.0
2015-05-21,28.540001,0.00493
2015-05-22,28.360001,-0.006307
2015-05-26,28.360001,0.0
2015-05-27,28.07,-0.010226
2015-05-28,27.941999,-0.00456
2015-05-29,27.73,-0.007587
2015-06-01,27.75,0.000721
2015-06-02,27.75,0.0
2015-06-03,27.992001,0.008721
2015-06-04,27.992001,0.0
2015-06-05,27.370001,-0.022221
2015-06-08,27.370001,0.0
2015-06-09,27.17,-0.007307
2015-06-10,27.698999,0.01947
2015-06-11,27.799999,0.003646
2015-06-12,27.596001,-0.007338
2015-06-15,27.459999,-0.004928
2015-06-16,27.459999,0.0
2015-06-17,27.309999,-0.005462
2015-06-18,27.59,0.010253
2015-06-19,27.51,-0.0029
2015-06-22,27.51,0.0
2015-06-23,27.51,0.0
2015-06-24,27.51,0.0
2015-06-25,27.51,0.0
2015-06-26,27.709999,0.00727
2015-06-29,27.709999,0.0
2015-06-30,27.709999,0.0
2015-07-01,27.02,-0.024901
2015-07-02,27.1,0.002961
2015-07-06,27.1,0.0
2015-07-07,26.497999,-0.022214
2015-07-08,26.497999,0.0
2015-07-09,26.497999,0.0
2015-07-10,26.497999,0.0
2015-07-13,26.497999,0.0
2015-07-14,26.497999,0.0
2015-07-15,26.497999,0.0
2015-07-16,26.497999,0.0
2015-07-17,26.497999,0.0
2015-07-20,26.497999,0.0
2015-07-21,27.719999,0.046117
2015-07-22,27.719999,0.0
2015-07-23,27.719999,0.0
2015-07-24,27.719999,0.0
2015-07-27,27.108,-0.022078
2015-07-28,27.49,0.014092
2015-07-29,27.49,0.0
2015-07-30,27.49,0.0
2015-07-31,27.549999,0.002183
2015-08-03,27.549999,0.0
2015-08-04,27.559999,0.000363
2015-08-05,27.76,0.007257
2015-08-06,27.610001,-0.005403
2015-08-07,27.610001,0.0
2015-08-10,27.610001,0.0
2015-08-11,27.417,-0.00699
2015-08-12,27.02,-0.01448
2015-08-13,27.18,0.005922
2015-08-14,27.18,0.0
2015-08-17,27.18,0.0
2015-08-18,27.18,0.0
2015-08-19,27.18,0.0
2015-08-20,27.18,0.0
2015-08-21,27.18,0.0
2015-08-24,24.440001,-0.100809
2015-08-25,25.440001,0.040917
2015-08-26,25.67,0.009041
2015-08-27,26.030001,0.014024
2015-08-28,25.837999,-0.007376
2015-08-31,25.837999,0.0
2015-09-01,25.837999,0.0
2015-09-02,25.837999,0.0
2015-09-03,25.43,-0.015791
2015-09-04,24.9,-0.020842
2015-09-08,24.9,0.0
2015-09-09,24.9,0.0
2015-09-10,24.9,0.0
2015-09-11,24.9,0.0
2015-09-14,25.280001,0.015261
2015-09-15,25.280001,0.0
2015-09-16,25.749001,0.018552
2015-09-17,25.879999,0.005088
2015-09-18,25.41,-0.018161
2015-09-21,25.34,-0.002755
2015-09-22,25.34,0.0
2015-09-23,24.809999,-0.020916
2015-09-24,24.58,-0.00927
2015-09-25,25.040001,0.018714
2015-09-28,25.040001,0.0
2015-09-29,24.18,-0.034345
2015-09-30,24.434,0.010505
2015-10-01,24.629999,0.008022
2015-10-02,24.629999,0.0
2015-10-05,25.402,0.031344
2015-10-06,25.402,0.0
2015-10-07,25.402,0.0
2015-10-08,25.43,0.001102
2015-10-09,25.35,-0.003146
2015-10-12,25.35,0.0
2015-10-13,25.34,-0.000394
2015-10-14,25.34,0.0
2015-10-15,25.34,0.0
2015-10-16,25.34,0.0
2015-10-19,25.34,0.0
2015-10-20,25.34,0.0
2015-10-21,25.440001,0.003946
2015-10-22,25.440001,0.0
2015-10-23,25.9,0.018082
2015-10-26,25.849001,-0.001969
2015-10-27,25.849001,0.0
2015-10-28,25.719999,-0.004991
2015-10-29,25.709999,-0.000389
2015-10-30,25.594,-0.004512
2015-11-02,25.9,0.011956
2015-11-03,25.733,-0.006448
2015-11-04,25.733,0.0
2015-11-05,25.584,-0.00579
2015-11-06,25.584,0.0
2015-11-09,25.584,0.0
2015-11-10,25.52,-0.002502
2015-11-11,25.52,0.0
2015-11-12,25.52,0.0
2015-11-13,25.52,0.0
2015-11-16,25.412001,-0.004232
2015-11-17,25.412001,0.0
2015-11-18,25.412001,0.0
2015-11-19,25.780001,0.014481
2015-11-20,25.790001,0.000388
2015-11-23,25.620001,-0.006592
2015-11-24,25.5,-0.004684
2015-11-25,25.666,0.00651
2015-11-27,25.666,0.0
2015-11-30,25.559999,-0.00413
2015-12-01,25.790001,0.008998
2015-12-02,25.6,-0.007367
2015-12-03,25.5,-0.003906
2015-12-04,25.693001,0.007569
2015-12-07,25.568001,-0.004865
2015-12-08,25.389999,-0.006962
2015-12-09,25.389999,0.0
2015-12-10,25.289,-0.003978
2015-12-11,24.83,-0.01815
2015-12-14,24.83,0.0
2015-12-15,24.83,0.0
2015-12-16,24.83,0.0
2015-12-17,25.42,0.023762
2015-12-18,25.07,-0.013769
2015-12-21,25.02,-0.001994
2015-12-22,25.099001,0.003157
2015-12-23,25.43,0.013188
2015-12-24,25.4,-0.00118
2015-12-28,25.326,-0.002913
2015-12-29,25.326,0.0
2015-12-30,25.6,0.010819
2015-12-31,25.370001,-0.008984
2016-01-04,24.77,-0.02365
2016-01-05,24.77,0.0
2016-01-06,24.59,-0.007267
2016-01-07,24.43,-0.006507
2016-01-08,24.43,0.0
2016-01-11,24.0,-0.017601
2016-01-12,23.98,-0.000833
2016-01-13,23.98,0.0
2016-01-14,24.059999,0.003336
2016-01-15,23.084,-0.040565
2016-01-19,23.200001,0.005025
2016-01-20,22.743,-0.019698
2016-01-21,23.125999,0.01684
2016-01-22,24.059999,0.040387
2016-01-25,23.58,-0.01995
2016-01-26,23.922001,0.014504
2016-01-27,23.9,-0.00092
2016-01-28,23.93,0.001255
2016-01-29,24.313,0.016005
2016-02-01,24.448999,0.005594
2016-02-02,24.32,-0.005276
2016-02-03,24.1,-0.009046
2016-02-04,24.5,0.016597
2016-02-05,24.5,0.0
2016-02-08,23.334999,-0.047551
2016-02-09,23.02,-0.013499
2016-02-10,23.040001,0.000869
2016-02-11,22.528999,-0.022179
2016-02-12,22.870001,0.015136
2016-02-16,23.639999,0.033668
2016-02-17,23.812,0.007276
2016-02-18,23.83,0.000756
2016-02-19,23.450001,-0.015946
2016-02-22,23.450001,0.0
2016-02-23,23.959999,0.021748
2016-02-24,23.959999,0.0
2016-02-25,24.32,0.015025
2016-02-26,24.129999,-0.007813
2016-02-29,23.950001,-0.00746
2016-03-01,23.950001,0.0
2016-03-02,23.950001,0.0
2016-03-03,24.700001,0.031315
2016-03-04,24.545,-0.006275
2016-03-07,24.549999,0.000204
2016-03-08,24.319,-0.009409
2016-03-09,24.319,0.0
2016-03-10,24.535999,0.008923
2016-03-11,25.110001,0.023394
2016-03-14,24.896,-0.008523
2016-03-15,24.827999,-0.002731
2016-03-16,25.26,0.0174
2016-03-17,25.26,0.0
2016-03-18,25.167,-0.003682
2016-03-21,24.971001,-0.007788
2016-03-22,25.1,0.005166
2016-03-23,25.007999,-0.003665
2016-03-24,25.09,0.003279
2016-03-28,25.09,0.0
2016-03-29,25.25,0.006377
2016-03-30,25.530001,0.011089
2016-03-31,25.129999,-0.015668
2016-04-01,25.0,-0.005173
2016-04-04,25.171,0.00684
2016-04-05,25.171,0.0
2016-04-06,25.139999,-0.001232
2016-04-07,24.837999,-0.012013
2016-04-08,25.372,0.021499
2016-04-11,25.48,0.004257
2016-04-12,25.48,0.0
2016-04-13,25.48,0.0
2016-04-14,25.48,0.0
2016-04-15,25.565001,0.003336
2016-04-18,25.551001,-0.000548
2016-04-19,25.700001,0.005831
2016-04-20,26.405001,0.027432
2016-04-21,26.405001,0.0
2016-04-22,26.405001,0.0
2016-04-25,26.405001,0.0
2016-04-26,25.995001,-0.015527
2016-04-27,26.129999,0.005193
2016-04-28,25.885,-0.009376
2016-04-29,25.885,0.0
2016-05-02,25.885,0.0
2016-05-03,25.804001,-0.003129
2016-05-04,25.804001,0.0
2016-05-05,25.355,-0.0174
2016-05-06,25.018,-0.013291
2016-05-09,25.488001,0.018787
2016-05-10,25.488001,0.0
2016-05-11,25.719999,0.009102
2016-05-12,25.719999,0.0
2016-05-13,25.481001,-0.009292
2016-05-16,25.409,-0.002826
2016-05-17,25.409,0.0
2016-05-18,25.410999,7.9e-05
2016-05-19,25.040001,-0.0146
2016-05-20,25.385,0.013778
2016-05-23,25.385,0.0
2016-05-24,25.639999,0.010045
2016-05-25,25.75,0.00429
2016-05-26,25.75,0.0
2016-05-27,25.959999,0.008155
2016-05-31,26.08,0.004623
2016-06-01,25.950001,-0.004985
2016-06-02,25.719999,-0.008863
2016-06-03,25.719999,0.0
2016-06-06,26.82,0.042768
2016-06-07,26.455999,-0.013572
2016-06-08,26.474001,0.00068
2016-06-09,26.59,0.004382
2016-06-10,26.59,0.0
2016-06-13,25.48,-0.041745
2016-06-14,25.48,0.0
2016-06-15,25.424999,-0.002159
2016-06-16,25.424999,0.0
2016-06-17,25.424999,0.0
2016-06-20,25.424999,0.0
2016-06-21,26.459999,0.040708
2016-06-22,25.66,-0.030234
2016-06-23,25.66,0.0
2016-06-24,25.66,0.0
2016-06-27,25.66,0.0
2016-06-28,25.385,-0.010717
2016-06-29,25.6,0.00847
2016-06-30,25.988001,0.015156
2016-07-01,26.191999,0.00785
2016-07-05,25.75,-0.016875
2016-07-06,25.587,-0.00633
2016-07-07,25.790001,0.007934
2016-07-08,26.034,0.009461
2016-07-11,26.358999,0.012484
2016-07-12,26.347,-0.000455
2016-07-13,26.360001,0.000493
2016-07-14,26.360001,0.0
2016-07-15,25.983999,-0.014264
2016-07-18,26.264999,0.010814
2016-07-19,26.153,-0.004264
2016-07-20,26.209999,0.002179
2016-07-21,26.209999,0.0
2016-07-22,26.43,0.008394
2016-07-25,26.110001,-0.012107
2016-07-26,26.379999,0.010341
2016-07-27,26.469999,0.003412
2016-07-28,26.382999,-0.003287
2016-07-29,26.5,0.004435
2016-08-01,26.5,0.0
2016-08-02,26.569,0.002604
2016-08-03,26.569,0.0
2016-08-04,26.48,-0.00335
2016-08-05,26.358,-0.004607
2016-08-08,26.448999,0.003452
2016-08-09,26.597,0.005596
2016-08-10,26.483999,-0.004249
2016-08-11,26.483999,0.0
2016-08-12,26.593,0.004116
2016-08-15,26.868999,0.010379
2016-08-16,26.819,-0.001861
2016-08-17,27.051001,0.008651
2016-08-18,27.0,-0.001885
2016-08-19,26.700001,-0.011111
2016-08-22,26.607,-0.003483
2016-08-23,27.059999,0.017026
2016-08-24,27.059999,0.0
2016-08-25,27.059999,0.0
2016-08-26,26.41,-0.024021
2016-08-29,26.41,0.0
2016-08-30,26.41,0.0
2016-08-31,26.41,0.0
2016-09-01,25.870001,-0.020447
2016-09-02,26.18,0.011983
2016-09-06,26.469999,0.011077
2016-09-07,26.518999,0.001851
2016-09-08,26.546,0.001018
2016-09-09,25.85,-0.026219
2016-09-12,25.799999,-0.001934
2016-09-13,25.379999,-0.016279
2016-09-14,25.559999,0.007092
2016-09-15,25.84,0.010955
2016-09-16,25.84,0.0
2016-09-19,25.624001,-0.008359
2016-09-20,25.624001,0.0
2016-09-21,26.0,0.014674
2016-09-22,26.48,0.018462
2016-09-23,26.290001,-0.007175
2016-09-26,26.08,-0.007988
2016-09-27,26.08,0.0
2016-09-28,26.496,0.015951
2016-09-29,26.261,-0.008869
2016-09-30,26.261,0.0
2016-10-03,26.261,0.0
2016-10-04,26.261,0.0
2016-10-05,26.257999,-0.000114
2016-10-06,25.945,-0.01192
2016-10-07,25.777,-0.006475
2016-10-10,25.969999,0.007487
2016-10-11,25.48,-0.018868
2016-10-12,25.469999,-0.000392
2016-10-13,25.521999,0.002042
2016-10-14,25.559999,0.001489
2016-10-17,25.559999,0.0
2016-10-18,25.700001,0.005477
2016-10-19,25.889999,0.007393
2016-10-20,25.798,-0.003553
2016-10-21,25.587,-0.008179
2016-10-24,25.459999,-0.004963
2016-10-25,25.511999,0.002042
2016-10-26,25.358999,-0.005997
2016-10-27,25.290001,-0.002721
2016-10-28,25.15,-0.005536
2016-10-31,25.25,0.003976
2016-11-01,25.247,-0.000119
2016-11-02,25.108,-0.005506
2016-11-03,25.108,0.0
2016-11-04,24.85,-0.010276
2016-11-07,24.950001,0.004024
2016-11-08,25.16,0.008417
2016-11-09,25.334999,0.006955
2016-11-10,24.875,-0.018157
2016-11-11,24.469,-0.016322
2016-11-14,23.989,-0.019617
2016-11-15,24.422001,0.01805
2016-11-16,24.24,-0.007452
2016-11-17,24.280001,0.00165
2016-11-18,24.23,-0.002059
2016-11-21,24.49,0.010731
2016-11-22,24.525,0.001429
2016-11-23,24.558001,0.001346
2016-11-25,24.629999,0.002932
2016-11-28,24.66,0.001218
2016-11-29,24.690001,0.001217
2016-11-30,24.620001,-0.002835
2016-12-01,24.59,-0.001219
2016-12-02,24.629999,0.001627
2016-12-05,24.959999,0.013398
2016-12-06,24.93,-0.001202
2016-12-07,25.212999,0.011352
2016-12-08,25.221001,0.000317
2016-12-09,25.25,0.00115
2016-12-12,25.290001,0.001584
2016-12-13,25.445999,0.006168
2016-12-14,25.07,-0.014776
2016-12-15,24.9,-0.006781
2016-12-16,24.879999,-0.000803
2016-12-19,24.83,-0.00201
2016-12-20,24.889999,0.002416
2016-12-21,24.551001,-0.01362
2016-12-22,24.483,-0.00277
2016-12-23,24.530001,0.00192
2016-12-27,24.511,-0.000775
2016-12-28,24.530001,0.000775
2016-12-29,24.653,0.005014
2016-12-30,24.809999,0.006368
2017-01-03,24.870001,0.002418
2017-01-04,25.200001,0.013269
2017-01-05,25.690001,0.019444
2017-01-06,25.379999,-0.012067
2017-01-09,25.360001,-0.000788
2017-01-10,25.440001,0.003155
2017-01-11,25.59,0.005896
2017-01-12,25.690001,0.003908
2017-01-13,25.725,0.001362
2017-01-17,25.77,0.001749
2017-01-18,25.610001,-0.006209
2017-01-19,25.57,-0.001562
2017-01-20,25.68,0.004302
2017-01-23,25.82,0.005452
2017-01-24,26.040001,0.008521
2017-01-25,26.309999,0.010369
2017-01-26,26.200001,-0.004181
2017-01-27,26.193001,-0.000267
2017-01-30,26.0,-0.007368
2017-01-31,26.110001,0.004231
2017-02-01,26.27,0.006128
2017-02-02,26.24,-0.001142
2017-02-03,26.309999,0.002668
2017-02-06,26.17,-0.005321
2017-02-07,26.200001,0.001146
2017-02-08,26.268999,0.002634
2017-02-09,26.351,0.003122
2017-02-10,26.528999,0.006755
2017-02-13,26.540001,0.000415
2017-02-14,26.42,-0.004522
2017-02-15,26.620001,0.00757
2017-02-16,26.610001,-0.000376
2017-02-17,26.52,-0.003382
2017-02-21,26.59,0.00264
2017-02-22,26.540001,-0.00188
2017-02-23,26.620001,0.003014
2017-02-24,26.339001,-0.010556
2017-02-27,26.23,-0.004138
2017-02-28,26.24,0.000381
2017-03-01,26.5,0.009909
2017-03-02,26.389999,-0.004151
2017-03-03,26.389999,0.0
2017-03-06,26.25,-0.005305
2017-03-07,26.190001,-0.002286
2017-03-08,26.120001,-0.002673
2017-03-09,26.120001,0.0
2017-03-10,26.290001,0.006508
2017-03-13,26.370001,0.003043
2017-03-14,26.16,-0.007964
2017-03-15,26.629999,0.017966
2017-03-16,26.82,0.007135
2017-03-17,26.797001,-0.000858
2017-03-20,26.84,0.001605
2017-03-21,26.75,-0.003353
2017-03-22,26.76,0.000374
2017-03-23,26.809,0.001831
2017-03-24,26.84,0.001156
2017-03-27,26.870001,0.001118
2017-03-28,27.01,0.00521
2017-03-29,26.921,-0.003295
2017-03-30,27.030001,0.004049
2017-03-31,27.049,0.000703
2017-04-03,26.9,-0.005509
2017-04-04,27.040001,0.005205
2017-04-05,26.955,-0.003144
2017-04-06,26.99,0.001298
2017-04-07,27.0,0.000371
2017-04-10,27.040001,0.001482
2017-04-11,27.16,0.004438
2017-04-12,27.174999,0.000552
2017-04-13,26.98,-0.007176
2017-04-17,27.1,0.004448
2017-04-18,26.811001,-0.010664
2017-04-19,26.722,-0.00332
2017-04-20,26.896,0.006511
2017-04-21,26.879999,-0.000595
2017-04-24,27.370001,0.018229
2017-04-25,27.389999,0.000731
2017-04-26,27.370001,-0.00073
2017-04-27,27.110001,-0.009499
2017-04-28,27.360001,0.009222
2017-05-01,27.434999,0.002741
2017-05-02,27.48,0.00164
2017-05-03,27.348,-0.004803
2017-05-04,27.469999,0.004461
2017-05-05,27.83,0.013105
2017-05-08,27.629999,-0.007187
2017-05-09,27.639999,0.000362
2017-05-10,27.73,0.003256
2017-05-11,27.700001,-0.001082
2017-05-12,27.704,0.000144
2017-05-15,27.958,0.009168
2017-05-16,28.23,0.009729
2017-05-17,27.91,-0.011335
2017-05-18,27.892,-0.000645
2017-05-19,28.150999,0.009286
2017-05-22,28.26,0.003872
2017-05-23,28.01,-0.008846
2017-05-24,28.1,0.003213
2017-05-25,28.059999,-0.001424
2017-05-26,28.0,-0.002138
2017-05-30,28.09,0.003214
2017-05-31,28.120001,0.001068
2017-06-01,28.348,0.008108
2017-06-02,28.59,0.008537
2017-06-05,28.52,-0.002448
2017-06-06,28.33,-0.006662
2017-06-07,28.450001,0.004236
2017-06-08,28.450001,0.0
2017-06-09,28.360001,-0.003163
2017-06-12,28.174999,-0.006523
2017-06-13,28.52,0.012245
2017-06-14,28.379999,-0.004909
2017-06-15,28.059,-0.011311
2017-06-16,28.4,0.012153
2017-06-19,28.67,0.009507
2017-06-20,28.120001,-0.019184
2017-06-21,27.950001,-0.006046
2017-06-22,27.99,0.001431
2017-06-23,28.15,0.005716
2017-06-26,28.065001,-0.00302
2017-06-27,28.0,-0.002316
2017-06-28,28.280001,0.01
2017-06-29,27.975,-0.010785
2017-06-30,28.129999,0.005541
2017-07-03,28.059999,-0.002488
2017-07-05,28.059999,0.0
2017-07-06,28.0,-0.002138
2017-07-07,28.030001,0.001071
2017-07-10,28.139999,0.003924
2017-07-11,28.129999,-0.000355
2017-07-12,28.450001,0.011376
2017-07-13,28.52,0.00246
2017-07-14,28.665001,0.005084
2017-07-17,28.679001,0.000488
2017-07-18,28.584,-0.003313
2017-07-19,28.811001,0.007942
2017-07-20,28.910999,0.003471
2017-07-21,28.76,-0.005223
2017-07-24,28.68,-0.002782
2017-07-25,28.851,0.005962
2017-07-26,28.993,0.004922
2017-07-27,28.912001,-0.002794
2017-07-28,28.92,0.000277
2017-07-31,28.91,-0.000346
2017-08-01,29.15,0.008302
2017-08-02,29.129999,-0.000686
2017-08-03,29.15,0.000687
2017-08-04,29.18,0.001029
2017-08-07,29.195,0.000514
2017-08-08,29.08,-0.003939
2017-08-09,28.922001,-0.005433
2017-08-10,28.573,-0.012067
2017-08-11,28.509001,-0.00224
2017-08-14,28.75,0.008453
2017-08-15,28.68,-0.002435
2017-08-16,28.940001,0.009066
2017-08-17,28.67,-0.00933
2017-08-18,28.667999,-7e-05
2017-08-21,28.667999,0.0
2017-08-22,28.83,0.005651
2017-08-23,28.82,-0.000347
2017-08-24,28.91,0.003123
2017-08-25,28.969999,0.002075
2017-08-28,29.02,0.001726
2017-08-29,28.870001,-0.005169
2017-08-30,28.829,-0.00142
2017-08-31,29.120001,0.010094
2017-09-01,29.282,0.005563
2017-09-05,29.02,-0.008947
2017-09-06,29.235001,0.007409
2017-09-07,29.450001,0.007354
2017-09-08,29.48,0.001019
2017-09-11,29.75,0.009159
2017-09-12,29.860001,0.003697
2017-09-13,29.74,-0.004019
2017-09-14,29.780001,0.001345
2017-09-15,29.731001,-0.001645
2017-09-18,29.9,0.005684
2017-09-19,30.040001,0.004682
2017-09-20,29.92,-0.003995
2017-09-21,29.940001,0.000668
2017-09-22,30.059999,0.004008
2017-09-25,29.76,-0.00998
2017-09-26,29.68,-0.002688
2017-09-27,29.84,0.005391
2017-09-28,29.98,0.004692
2017-09-29,30.139,0.005304
2017-10-02,30.139999,3.3e-05
2017-10-03,30.209999,0.002322
2017-10-04,30.17,-0.001324
2017-10-05,30.110001,-0.001989
2017-10-06,30.079,-0.00103
2017-10-09,30.110001,0.001031
2017-10-10,30.42,0.010296
2017-10-11,30.48,0.001972
2017-10-12,30.459999,-0.000656
2017-10-13,30.549999,0.002955
2017-10-16,30.52,-0.000982
2017-10-17,30.41,-0.003604
2017-10-18,30.549999,0.004604
2017-10-19,30.49,-0.001964
2017-10-20,30.440001,-0.00164
2017-10-23,30.42,-0.000657
2017-10-24,30.540001,0.003945
2017-10-25,30.461,-0.002587
2017-10-26,30.65,0.006205
2017-10-27,30.67,0.000653
2017-10-30,30.684999,0.000489
2017-10-31,30.77,0.00277
2017-11-01,30.809999,0.0013
2017-11-02,30.85,0.001298
2017-11-03,30.82,-0.000972
2017-11-06,30.805,-0.000487
2017-11-07,30.620001,-0.006006
2017-11-08,30.764999,0.004735
2017-11-09,30.459999,-0.009914
2017-11-10,30.459999,0.0
2017-11-13,30.299999,-0.005253
2017-11-14,30.32,0.00066
2017-11-15,30.187,-0.004387
2017-11-16,30.43,0.00805
2017-11-17,30.35,-0.002629
2017-11-20,30.407,0.001878
2017-11-21,30.65,0.007992
2017-11-22,30.674999,0.000816
2017-11-24,30.870001,0.006357
2017-11-27,30.68,-0.006155
2017-11-28,30.735001,0.001793
2017-11-29,30.59,-0.004718
2017-11-30,30.545,-0.001471
2017-12-01,30.424999,-0.003929
2017-12-04,30.26,-0.005423
2017-12-05,30.190001,-0.002313
2017-12-06,30.1,-0.002981
2017-12-07,30.184999,0.002824
2017-12-08,30.370001,0.006129
2017-12-11,30.360001,-0.000329
2017-12-12,30.389999,0.000988
2017-12-13,30.450001,0.001974
2017-12-14,30.305,-0.004762
2017-12-15,30.379,0.002442
2017-12-18,30.73,0.011554
2017-12-19,30.34,-0.012691
2017-12-20,30.309999,-0.000989
2017-12-21,30.4,0.002969
2017-12-22,30.448,0.001579
2017-12-26,30.48,0.001051
2017-12-27,30.563999,0.002756
2017-12-28,30.559999,-0.000131
2017-12-29,30.51,-0.001636
2018-01-02,30.74,0.007538
2018-01-03,30.99,0.008133
2018-01-04,31.450001,0.014844
2018-01-05,31.700001,0.007949
2018-01-08,31.6,-0.003155
2018-01-09,31.611,0.000348
2018-01-10,31.620001,0.000285
2018-01-11,31.790001,0.005376
2018-01-12,32.07,0.008808
2018-01-16,32.16,0.002806
2018-01-17,32.439999,0.008706
2018-01-18,32.400002,-0.001233
2018-01-19,32.689999,0.008951
2018-01-22,32.77,0.002447
2018-01-23,32.790001,0.00061
2018-01-24,32.849998,0.00183
2018-01-25,32.599998,-0.00761
2018-01-26,32.950001,0.010736
2018-01-29,32.674999,-0.008346
2018-01-30,32.41,-0.00811
2018-01-31,32.369999,-0.001234
2018-02-01,32.48,0.003398
2018-02-02,31.68,-0.024631
2018-02-05,30.280001,-0.044192
2018-02-06,30.799,0.01714
2018-02-07,30.48,-0.010357
2018-02-08,29.639999,-0.027559
2018-02-09,29.879999,0.008097
2018-02-12,30.24,0.012048
2018-02-13,30.190001,-0.001653
2018-02-14,30.799999,0.020205
2018-02-15,31.200001,0.012987
2018-02-16,31.395,0.00625
2018-02-20,30.999001,-0.012613
2018-02-21,30.99,-0.00029
2018-02-22,31.034,0.00142
2018-02-23,31.299999,0.008571
2018-02-26,31.540001,0.007668
2018-02-27,31.205,-0.010621
2018-02-28,30.870001,-0.010735
2018-03-01,30.299,-0.018497
2018-03-02,30.309,0.00033
2018-03-05,30.41,0.003332
2018-03-06,30.796,0.012693
2018-03-07,30.74,-0.001818
2018-03-08,30.858999,0.003871
2018-03-09,31.08,0.007162
2018-03-12,31.165001,0.002735
2018-03-13,30.955,-0.006738
2018-03-14,31.063,0.003489
2018-03-15,31.139999,0.002479
2018-03-16,31.087999,-0.00167
2018-03-19,30.709999,-0.012159
2018-03-20,30.870001,0.00521
2018-03-21,30.938999,0.002235
2018-03-22,30.379999,-0.018068
2018-03-23,29.889999,-0.016129
2018-03-26,30.341999,0.015122
2018-03-27,30.152,-0.006262
2018-03-28,30.25,0.00325
2018-03-29,30.59,0.01124
2018-04-02,29.92,-0.021903
2018-04-03,30.23,0.010361
2018-04-04,30.24,0.000331
2018-04-05,30.42,0.005952
2018-04-06,30.200001,-0.007232
2018-04-09,30.41,0.006954
2018-04-10,30.799999,0.012825
2018-04-11,30.712,-0.002857
2018-04-12,30.75,0.001237
2018-04-13,30.790001,0.001301
2018-04-16,30.889999,0.003248
2018-04-17,31.08,0.006151
2018-04-18,31.17,0.002896
2018-04-19,31.030001,-0.004491
2018-04-20,30.940001,-0.0029
2018-04-23,30.870001,-0.002262
2018-04-24,30.74,-0.004211
2018-04-25,30.639999,-0.003253
2018-04-26,30.9,0.008486
2018-04-27,30.870001,-0.000971
2018-04-30,30.799999,-0.002268
2018-05-01,30.68,-0.003896
2018-05-02,30.709999,0.000978
2018-05-03,30.75,0.001303
2018-05-04,30.83,0.002602
2018-05-07,30.93,0.003244
2018-05-08,30.950001,0.000647
2018-05-09,30.93,-0.000646
2018-05-10,31.23,0.009699
2018-05-11,31.360001,0.004163
2018-05-14,31.370001,0.000319
2018-05-15,31.17,-0.006376
2018-05-16,31.35,0.005775
2018-05-17,31.32,-0.000957
2018-05-18,31.25,-0.002235
2018-05-21,31.52,0.00864
2018-05-22,31.43,-0.002855
2018-05-23,31.08,-0.011136
2018-05-24,30.98,-0.003218
2018-05-25,30.889999,-0.002905
2018-05-29,30.280001,-0.019747
2018-05-30,30.629999,0.011559
2018-05-31,30.65,0.000653
2018-06-01,30.700001,0.001631
2018-06-04,30.927,0.007394
2018-06-05,30.944,0.00055
2018-06-06,31.139999,0.006334
2018-06-07,31.030001,-0.003532
2018-06-08,31.111,0.00261
2018-06-11,31.299999,0.006075
2018-06-12,31.0,-0.009585
2018-06-13,31.07,0.002258
2018-06-14,31.040001,-0.000966
2018-06-15,30.903999,-0.004381
2018-06-18,30.67,-0.007572
2018-06-19,29.99,-0.022172
2018-06-20,29.98,-0.000333
2018-06-21,29.83,-0.005003
2018-06-22,30.030001,0.006705
2018-06-25,29.59,-0.014652
2018-06-26,29.639999,0.00169
2018-06-27,29.509001,-0.00442
2018-06-28,29.57,0.002067
2018-06-29,29.66,0.003044
2018-07-02,29.27,-0.013149
2018-07-03,29.33,0.00205
2018-07-05,29.43,0.003409
2018-07-06,29.74,0.010533
2018-07-09,30.01,0.009079
2018-07-10,30.110001,0.003332
2018-07-11,29.669001,-0.014646
2018-07-12,29.879999,0.007112
2018-07-13,30.07,0.006359
2018-07-16,30.02,-0.001663
2018-07-17,30.061001,0.001366
2018-07-18,30.059999,-3.3e-05
2018-07-19,29.996,-0.002129
2018-07-20,30.15,0.005134
2018-07-23,30.040001,-0.003648
2018-07-24,30.190001,0.004993
2018-07-25,30.48,0.009606
2018-07-26,30.26,-0.007218
2018-07-27,30.309999,0.001652
2018-07-30,30.129999,-0.005939
2018-07-31,30.1,-0.000996
2018-08-01,30.01,-0.00299
2018-08-02,29.83,-0.005998
2018-08-03,29.83,0.0
2018-08-06,29.761999,-0.00228
2018-08-07,29.959999,0.006653
2018-08-08,29.959999,0.0
2018-08-09,29.92,-0.001335
2018-08-10,29.459999,-0.015374
2018-08-13,29.25,-0.007128
2018-08-14,29.299999,0.001709
2018-08-15,28.790001,-0.017406
2018-08-16,29.0,0.007294
2018-08-17,29.18,0.006207
2018-08-20,29.32,0.004798
2018-08-21,29.540001,0.007503
2018-08-22,29.698,0.005349
2018-08-23,29.59,-0.003637
2018-08-24,29.74,0.005069
2018-08-27,30.212999,0.015904
2018-08-28,30.268999,0.001853
2018-08-29,30.41,0.004658
2018-08-30,30.190001,-0.007234
2018-08-31,29.98,-0.006956
2018-09-04,29.82,-0.005337
2018-09-05,29.408001,-0.013816
2018-09-06,29.33,-0.002652
2018-09-07,29.056999,-0.009308
2018-09-10,29.139999,0.002856
2018-09-11,29.27,0.004461
2018-09-12,29.5,0.007858
2018-09-13,29.655001,0.005254
2018-09-14,29.719999,0.002192
2018-09-17,29.77,0.001682
2018-09-18,30.1,0.011085
2018-09-19,30.280001,0.00598
2018-09-20,30.549999,0.008917
2018-09-21,30.65,0.003273
2018-09-24,30.549999,-0.003263
2018-09-25,30.73,0.005892
2018-09-26,30.780001,0.001627
2018-09-27,30.73,-0.001624
2018-09-28,30.459999,-0.008786
2018-10-01,30.709999,0.008207
2018-10-02,30.42,-0.009443
2018-10-03,30.360001,-0.001972
2018-10-04,29.759001,-0.019796
2018-10-05,29.549999,-0.007023
2018-10-08,29.379999,-0.005753
2018-10-09,29.370001,-0.00034
2018-10-10,28.4,-0.033027
2018-10-11,28.049999,-0.012324
2018-10-12,28.33,0.009982
2018-10-15,28.23,-0.00353
2018-10-16,28.75,0.01842
2018-10-17,28.559999,-0.006609
2018-10-18,28.030001,-0.018557
2018-10-19,28.17,0.004995
2018-10-22,28.181,0.00039
2018-10-23,27.73,-0.016004
2018-10-24,26.85,-0.031735
2018-10-25,27.299999,0.01676
2018-10-26,27.049999,-0.009158
2018-10-29,26.82,-0.008503
2018-10-30,27.23,0.015287
2018-10-31,27.49,0.009548
2018-11-01,27.85,0.013096
2018-11-02,27.959999,0.00395
2018-11-05,27.85,-0.003934
2018-11-06,28.0,0.005386
2018-11-07,28.35,0.0125
2018-11-08,28.08,-0.009524
2018-11-09,27.809999,-0.009615
2018-11-12,27.370001,-0.015822
2018-11-13,27.409,0.001425
2018-11-14,27.309999,-0.003612
2018-11-15,27.49,0.006591
2018-11-16,27.530001,0.001455
2018-11-19,27.288,-0.00879
2018-11-20,26.59,-0.025579
2018-11-21,26.959999,0.013915
2018-11-23,27.009001,0.001818
2018-11-26,27.25,0.008923
2018-11-27,27.142,-0.003963
2018-11-28,27.530001,0.014295
2018-11-29,27.530001,0.0
2018-11-30,27.415001,-0.004177
2018-12-03,27.549999,0.004924
2018-12-04,27.1,-0.016334
2018-12-06,26.75,-0.012915
2018-12-07,26.700001,-0.001869
2018-12-10,26.57,-0.004869
2018-12-11,26.610001,0.001505
2018-12-12,26.959999,0.013153
2018-12-13,26.83,-0.004822
2018-12-14,26.450001,-0.014163
2018-12-17,26.18,-0.010208
2018-12-18,25.905001,-0.010504
2018-12-19,25.68,-0.008686
2018-12-20,25.459999,-0.008567
2018-12-21,25.09,-0.014533
2018-12-24,24.83,-0.010363
2018-12-26,25.360001,0.021345
2018-12-27,25.440001,0.003155
2018-12-28,25.629999,0.007468
2018-12-31,25.6,-0.00117
2019-01-02,25.559999,-0.001563
2019-01-03,25.440001,-0.004695
2019-01-04,26.129999,0.027123
2019-01-07,26.16,0.001148
2019-01-08,26.360001,0.007645
2019-01-09,26.690001,0.012519
2019-01-10,26.729,0.001461
2019-01-11,26.558001,-0.006398
2019-01-14,26.389999,-0.006326
2019-01-15,26.58,0.0072
2019-01-16,26.530001,-0.001881
2019-01-17,26.629999,0.003769
2019-01-18,26.879999,0.009388
2019-01-22,26.57,-0.011533
2019-01-23,26.65,0.003011
2019-01-24,26.639999,-0.000375
2019-01-25,26.83,0.007132
2019-01-28,26.76,-0.002609
2019-01-29,26.934999,0.00654
2019-01-30,27.165001,0.008539
2019-01-31,27.34,0.006442
2019-02-01,27.249001,-0.003328
2019-02-04,27.365,0.004257
2019-02-05,27.549999,0.00676
2019-02-06,27.41,-0.005082
2019-02-07,27.139999,-0.00985
2019-02-08,27.110001,-0.001105
2019-02-11,27.030001,-0.002951
2019-02-12,27.290001,0.009619
2019-02-13,27.298,0.000293
2019-02-14,27.440001,0.005202
2019-02-15,27.74,0.010933
2019-02-19,27.950001,0.00757
2019-02-20,27.983999,0.001216
2019-02-21,27.879999,-0.003716
2019-02-22,28.047001,0.00599
2019-02-25,28.059999,0.000463
2019-02-26,28.226,0.005916
2019-02-27,28.1,-0.004464
2019-02-28,28.049999,-0.001779
2019-03-01,28.18,0.004635
2019-03-04,28.125,-0.001952
2019-03-05,28.23,0.003733
2019-03-06,28.150999,-0.002798
2019-03-07,27.92,-0.008206
2019-03-08,27.92,0.0
2019-03-11,28.115,0.006984
2019-03-12,28.15,0.001245
2019-03-13,28.392,0.008597
2019-03-14,28.41,0.000634
2019-03-15,28.610001,0.00704
2019-03-18,28.76,0.005243
2019-03-19,28.688999,-0.002469
2019-03-20,28.799,0.003834
2019-03-21,28.830999,0.001111
2019-03-22,28.25,-0.020152
2019-03-25,28.32,0.002478
2019-03-26,28.551001,0.008157
2019-03-27,28.469999,-0.002837
2019-03-28,28.479,0.000316
2019-03-29,28.57,0.003195
2019-04-01,28.84,0.00945
2019-04-02,28.790001,-0.001734
2019-04-03,28.875,0.002952
2019-04-04,28.75,-0.004329
2019-04-05,28.82,0.002435
2019-04-08,28.959,0.004823
2019-04-09,28.809999,-0.005145
2019-04-10,28.85,0.001388
2019-04-11,28.771999,-0.002704
2019-04-12,28.780001,0.000278
2019-04-15,28.780001,0.0
2019-04-16,28.809999,0.001042
2019-04-17,28.73,-0.002777
2019-04-18,28.629999,-0.003481
2019-04-22,28.702,0.002515
2019-04-23,28.85,0.005156
2019-04-24,28.690001,-0.005546
2019-04-25,28.700001,0.000349
2019-04-26,28.870001,0.005923
2019-04-29,28.915001,0.001559
2019-04-30,29.032,0.004046
2019-05-01,28.790001,-0.008336
2019-05-02,28.750999,-0.001355
2019-05-03,29.063,0.010852
2019-05-06,28.844999,-0.007501
2019-05-07,28.448999,-0.013729
2019-05-08,28.68,0.00812
2019-05-09,28.440001,-0.008368
2019-05-10,28.610001,0.005977
2019-05-13,28.16,-0.015729
2019-05-14,28.464001,0.010795
2019-05-15,28.639999,0.006183
2019-05-16,28.891001,0.008764
2019-05-17,28.868,-0.000796
2019-05-20,28.76,-0.003741
2019-05-21,28.858999,0.003442
2019-05-22,28.886,0.000936
2019-05-23,28.673,-0.007374
2019-05-24,28.969999,0.010358
2019-05-28,28.700001,-0.00932
2019-05-29,28.42,-0.009756
2019-05-30,28.51,0.003167
2019-05-31,28.34,-0.005963
2019-06-03,28.52,0.006351
2019-06-04,28.68,0.00561
2019-06-05,28.83,0.00523
2019-06-06,29.030001,0.006937
2019-06-07,29.379999,0.012056
2019-06-10,29.469999,0.003063
2019-06-11,29.537001,0.002274
2019-06-12,29.459999,-0.002607
2019-06-13,29.48,0.000679
2019-06-14,29.375,-0.003562
2019-06-17,28.98,-0.013447
2019-06-18,29.329,0.012043
2019-06-19,29.469999,0.004807
2019-06-20,29.83,0.012216
2019-06-21,29.714001,-0.003889
2019-06-24,29.780001,0.002221
2019-06-25,29.6,-0.006044
2019-06-26,29.559999,-0.001351
2019-06-27,29.549999,-0.000338
2019-06-28,29.700001,0.005076
2019-07-01,29.790001,0.00303
2019-07-02,29.92,0.004364
2019-07-03,30.17,0.008356
2019-07-05,29.833,-0.01117
2019-07-08,29.709999,-0.004123
2019-07-09,29.716999,0.000236
2019-07-10,29.77,0.001784
2019-07-11,29.76,-0.000336
2019-07-12,29.68,-0.002688
2019-07-15,29.796,0.003908
2019-07-16,29.75,-0.001544
2019-07-17,29.815001,0.002185
2019-07-18,29.895,0.002683
2019-07-19,29.743,-0.005084
2019-07-22,29.809999,0.002253
2019-07-23,29.860001,0.001677
2019-07-24,29.860001,0.0
2019-07-25,29.535999,-0.010851
2019-07-26,29.735001,0.006738
2019-07-29,29.719999,-0.000504
2019-07-30,29.43,-0.009758
2019-07-31,29.309999,-0.004078
2019-08-01,29.299999,-0.000341
2019-08-02,29.110001,-0.006485
2019-08-05,28.441,-0.022982
2019-08-06,28.6,0.005591
2019-08-07,28.940001,0.011888
2019-08-08,29.261999,0.011126
2019-08-09,29.120001,-0.004853
2019-08-12,28.945,-0.00601
2019-08-13,29.129999,0.006391
2019-08-14,28.459,-0.023035
2019-08-15,28.577,0.004146
2019-08-16,28.910999,0.011688
2019-08-19,29.101,0.006572
2019-08-20,28.98,-0.004158
2019-08-21,29.290001,0.010697
2019-08-22,29.093,-0.006726
2019-08-23,28.85,-0.008353
2019-08-26,28.902,0.001802
2019-08-27,28.98,0.002699
2019-08-28,28.959999,-0.00069
2019-08-29,29.145,0.006388
2019-08-30,29.25,0.003603
2019-09-03,29.204,-0.001573
2019-09-04,29.605,0.013731
2019-09-05,29.67,0.002196
2019-09-06,29.785,0.003876
2019-09-09,29.59,-0.006547
2019-09-10,29.302,-0.009733
2019-09-11,29.4,0.003344
2019-09-12,29.65,0.008503
2019-09-13,29.525,-0.004216
2019-09-16,29.23,-0.009992
2019-09-17,29.450001,0.007527
2019-09-18,29.48,0.001019
2019-09-19,29.530001,0.001696
2019-09-20,29.448999,-0.002743
2019-09-23,29.41,-0.001324
2019-09-24,29.4,-0.00034
2019-09-25,29.290001,-0.003741
2019-09-26,29.414,0.004233
2019-09-27,29.308001,-0.003604
2019-09-30,29.379999,0.002457
2019-10-01,29.120001,-0.00885
2019-10-02,28.51,-0.020948
2019-10-03,28.83,0.011224
2019-10-04,29.09,0.009018
2019-10-07,29.129999,0.001375
2019-10-08,28.809999,-0.010985
2019-10-09,29.072001,0.009094
2019-10-10,29.15,0.002683
2019-10-11,29.475,0.011149
2019-10-14,29.360001,-0.003902
2019-10-15,29.629999,0.009196
2019-10-16,29.58,-0.001687
2019-10-17,29.58,0.0
2019-10-18,29.549999,-0.001014
2019-10-21,29.639999,0.003046
2019-10-22,29.57,-0.002362
2019-10-23,29.57,0.0
2019-10-24,29.68,0.00372
2019-10-25,29.73,0.001685
2019-10-28,29.85,0.004036
2019-10-29,29.84,-0.000335
2019-10-30,30.110001,0.009048
2019-10-31,30.09,-0.000664
2019-11-01,30.32,0.007644
2019-11-04,30.381001,0.002012
2019-11-05,30.212999,-0.00553
2019-11-06,30.219999,0.000232
2019-11-07,30.15,-0.002316
2019-11-08,30.200001,0.001658
2019-11-11,30.200001,0.0
2019-11-12,30.17,-0.000993
2019-11-13,30.200001,0.000994
2019-11-14,30.190001,-0.000331
2019-11-15,30.320999,0.004339
2019-11-18,30.459999,0.004584
2019-11-19,30.469999,0.000328
2019-11-20,30.309999,-0.005251
2019-11-21,30.280001,-0.00099
2019-11-22,30.24,-0.001321
2019-11-25,30.448999,0.006911
2019-11-26,30.6,0.004959
2019-11-27,30.620001,0.000654
2019-11-29,30.43,-0.006205
2019-12-02,30.235001,-0.006408
2019-12-03,30.23,-0.000165
2019-12-04,30.4,0.005624
2019-12-05,30.370001,-0.000987
2019-12-06,30.57,0.006585
2019-12-09,30.42,-0.004907
2019-12-10,30.5,0.00263
2019-12-11,30.691,0.006262
2019-12-12,30.745001,0.00176
2019-12-13,30.84,0.00309
2019-12-16,30.91,0.00227
2019-12-17,30.879999,-0.000971
2019-12-18,30.799999,-0.002591
2019-12-19,30.84,0.001299
2019-12-20,31.01,0.005512
2019-12-23,31.110001,0.003225
2019-12-24,31.105,-0.000161
2019-12-26,31.225,0.003858
2019-12-27,31.33,0.003363
2019-12-30,31.129999,-0.006384
2019-12-31,31.17,0.001285
2020-01-02,31.379999,0.006737
2020-01-03,31.15,-0.007329
2020-01-06,31.219999,0.002247
2020-01-07,31.139999,-0.002562
2020-01-08,31.290001,0.004817
2020-01-09,31.379999,0.002876
2020-01-10,31.33,-0.001593
2020-01-13,31.530001,0.006384
2020-01-14,31.6,0.00222
2020-01-15,31.82,0.006962
2020-01-16,31.99,0.005343
2020-01-17,32.119999,0.004064
2020-01-21,32.09,-0.000934
2020-01-22,32.150002,0.00187
2020-01-23,32.200001,0.001555
2020-01-24,32.150002,-0.001553
2020-01-27,31.549999,-0.018663
2020-01-28,31.809999,0.008241
2020-01-29,31.91,0.003144
2020-01-30,31.896,-0.000439
2020-01-31,31.49,-0.012729
2020-02-03,31.645,0.004922
2020-02-04,32.07,0.01343
2020-02-05,32.330002,0.008107
2020-02-06,32.450001,0.003712
2020-02-07,32.130001,-0.009861
2020-02-10,32.27,0.004357
2020-02-11,32.419998,0.004648
2020-02-12,32.519001,0.003054
2020-02-13,32.41,-0.003352
2020-02-14,32.369999,-0.001234
2020-02-18,32.380001,0.000309
2020-02-19,32.630001,0.007721
2020-02-20,32.41,-0.006742
2020-02-21,32.299999,-0.003394
2020-02-24,31.040001,-0.039009
2020-02-25,30.51,-0.017075
2020-02-26,30.540001,0.000983
2020-02-27,29.75,-0.025868
2020-02-28,29.299999,-0.015126
2020-03-02,30.08,0.026621
2020-03-03,30.110001,0.000997
2020-03-04,31.18,0.035536
2020-03-05,30.49,-0.02213
2020-03-06,30.1,-0.012791
2020-03-09,28.059999,-0.067774
2020-03-10,28.82,0.027085
2020-03-11,27.384001,-0.049826
2020-03-12,24.450001,-0.107143
2020-03-13,25.93,0.060532
2020-03-16,23.42,-0.096799
2020-03-17,24.41,0.042272
2020-03-18,23.059999,-0.055305
2020-03-19,23.57,0.022116
2020-03-20,23.122,-0.019007
2020-03-23,22.91,-0.009169
2020-03-24,24.67,0.076822
2020-03-25,25.469999,0.032428
2020-03-26,26.780001,0.051433
2020-03-27,26.0,-0.029126
2020-03-30,26.75,0.028846
2020-03-31,26.459999,-0.010841
2020-04-01,25.280001,-0.044596
2020-04-02,25.6,0.012658
2020-04-03,25.120001,-0.01875
2020-04-06,26.5,0.054936
2020-04-07,26.549999,0.001887
2020-04-08,26.92,0.013936
2020-04-09,27.49,0.021174
2020-04-13,27.200001,-0.010549
2020-04-14,27.77,0.020956
2020-04-15,27.01,-0.027368
2020-04-16,27.110001,0.003702
2020-04-17,27.889999,0.028772
2020-04-20,27.440001,-0.016135
2020-04-21,26.9,-0.019679
2020-04-22,27.43,0.019703
2020-04-23,27.309999,-0.004375
2020-04-24,27.68,0.013548
2020-04-27,28.07,0.01409
2020-04-28,28.27,0.007125
2020-04-29,28.879999,0.021578
2020-04-30,28.309999,-0.019737
2020-05-01,27.809999,-0.017662
2020-05-04,28.049999,0.00863
2020-05-05,28.15,0.003565
2020-05-06,28.030001,-0.004263
2020-05-07,28.5,0.016768
2020-05-08,28.809999,0.010877
2020-05-11,28.799999,-0.000347
2020-05-12,28.639999,-0.005556
2020-05-13,28.610001,-0.001047
2020-05-14,28.479,-0.004579
2020-05-15,28.469999,-0.000316
2020-05-18,29.33,0.030207
2020-05-19,28.940001,-0.013297
2020-05-20,29.49,0.019005
2020-05-21,29.299999,-0.006443
2020-05-22,29.35,0.001707
2020-05-26,29.719999,0.012606
2020-05-27,29.620001,-0.003365
2020-05-28,30.01,0.013167
2020-05-29,30.219999,0.006998
2020-06-01,30.719999,0.016545
2020-06-02,30.75,0.000977
2020-06-03,31.01,0.008455
2020-06-04,30.889999,-0.00387
2020-06-05,30.9,0.000324
2020-06-08,30.879999,-0.000647
2020-06-09,30.75,-0.00421
2020-06-10,31.030001,0.009106
2020-06-11,29.809999,-0.039317
2020-06-12,30.280001,0.015767
2020-06-15,30.396,0.003831
2020-06-16,30.58,0.006053
2020-06-17,30.889999,0.010137
2020-06-18,30.91,0.000647
2020-06-19,30.92,0.000324
2020-06-22,31.440001,0.016818
2020-06-23,31.58,0.004453
2020-06-24,30.945,-0.020108
2020-06-25,31.49,0.017612
2020-06-26,31.09,-0.012702
2020-06-29,31.280001,0.006111
2020-06-30,31.370001,0.002877
2020-07-01,31.58,0.006694
2020-07-02,31.77,0.006016
2020-07-06,32.200001,0.013535
2020-07-07,32.009998,-0.005901
2020-07-08,32.380001,0.011559
2020-07-09,32.290001,-0.002779
2020-07-10,32.540001,0.007742
2020-07-13,32.18,-0.011063
2020-07-14,32.560001,0.011809
2020-07-15,32.900002,0.010442
2020-07-16,32.610001,-0.008815
2020-07-17,32.959999,0.010733
2020-07-20,33.380001,0.012743
2020-07-21,33.43,0.001498
2020-07-22,33.509998,0.002393
2020-07-23,33.099998,-0.012235
2020-07-24,32.950001,-0.004532
2020-07-27,33.52,0.017299
2020-07-28,33.419998,-0.002983
2020-07-29,33.73,0.009276
2020-07-30,33.52,-0.006226
2020-07-31,32.950001,-0.017005
2020-08-03,33.669998,0.021851
2020-08-04,33.639999,-0.000891
2020-08-05,33.73,0.002675
2020-08-06,33.75,0.000593
2020-08-07,33.540001,-0.006222
2020-08-10,33.34,-0.005963
2020-08-11,33.07,-0.008098
2020-08-12,33.740002,0.02026
2020-08-13,33.869999,0.003853
2020-08-14,33.68,-0.00561
2020-08-17,34.18,0.014846
2020-08-18,34.310001,0.003803
2020-08-19,34.060001,-0.007287
2020-08-20,34.080002,0.000587
2020-08-21,33.889999,-0.005575
2020-08-24,34.18,0.008557
2020-08-25,34.119999,-0.001755
2020-08-26,34.540001,0.01231
2020-08-27,34.119999,-0.01216
2020-08-28,34.139999,0.000586
2020-08-31,34.060001,-0.002343
2020-09-01,34.209999,0.004404
2020-09-02,34.610001,0.011693
2020-09-03,33.59,-0.029471
2020-09-04,33.34,-0.007443
2020-09-08,32.970001,-0.011098
2020-09-09,33.66,0.020928
2020-09-10,33.299999,-0.010695
2020-09-11,33.599998,0.009009
2020-09-14,33.73,0.003869
2020-09-15,34.09,0.010673
2020-09-16,34.040001,-0.001467
2020-09-17,34.139999,0.002938
2020-09-18,34.145,0.000146
2020-09-21,33.560001,-0.017133
2020-09-22,33.689999,0.003874
2020-09-23,33.380001,-0.009201
2020-09-24,33.400002,0.000599
2020-09-25,33.610001,0.006287
2020-09-28,33.939999,0.009818
2020-09-29,34.174999,0.006924
2020-09-30,33.98,-0.005706
2020-10-01,34.32,0.010006
2020-10-02,34.09,-0.006702
2020-10-05,34.5,0.012027
2020-10-06,33.93,-0.016522
2020-10-07,34.169998,0.007073
2020-10-08,34.419998,0.007316
2020-10-09,34.84,0.012202
2020-10-12,35.080002,0.006889
2020-10-13,34.950001,-0.003706
2020-10-14,34.919998,-0.000858
2020-10-15,34.439999,-0.013746
2020-10-16,34.581001,0.004094
2020-10-19,34.330002,-0.007258
2020-10-20,34.470001,0.004078
2020-10-21,34.240002,-0.006672
2020-10-22,34.09,-0.004381
2020-10-23,34.139999,0.001467
2020-10-26,33.57,-0.016696
2020-10-27,33.66,0.002681
2020-10-28,32.889999,-0.022876
2020-10-29,33.058998,0.005138
2020-10-30,32.73,-0.009952
2020-11-02,33.0,0.008249
2020-11-03,33.669998,0.020303
2020-11-04,34.459999,0.023463
2020-11-05,35.540001,0.031341
2020-11-06,35.535,-0.000141
2020-11-09,35.130001,-0.011397
2020-11-10,34.709999,-0.011956
2020-11-11,35.23,0.014981
2020-11-12,35.009998,-0.006245
2020-11-13,35.330002,0.00914
2020-11-16,35.349998,0.000566
2020-11-17,35.119999,-0.006506
2020-11-18,35.0,-0.003417
2020-11-19,35.330002,0.009429
2020-11-20,35.52,0.005378
2020-11-23,35.23,-0.008164
2020-11-24,35.310001,0.002271
2020-11-25,35.400002,0.002549
2020-11-27,35.919998,0.014689
2020-11-30,35.810001,-0.003062
2020-12-01,36.18,0.010332
2020-12-02,35.91,-0.007463
2020-12-03,35.919998,0.000278
2020-12-04,35.950001,0.000835
2020-12-07,35.830002,-0.003338
2020-12-08,36.080002,0.006977
2020-12-09,35.889999,-0.005266
2020-12-10,36.09,0.005573
2020-12-11,36.18,0.002494
2020-12-14,36.040001,-0.00387
2020-12-15,36.400002,0.009989
2020-12-16,36.685001,0.00783
2020-12-17,37.23,0.014856
2020-12-18,37.18,-0.001343
2020-12-21,37.029999,-0.004034
2020-12-22,37.029999,0.0
2020-12-23,37.205002,0.004726
2020-12-24,37.169998,-0.000941
2020-12-28,37.5,0.008878
2020-12-29,37.849998,0.009333
2020-12-30,37.939999,0.002378
2020-12-31,37.650002,-0.007644
2021-01-04,38.060001,0.01089
2021-01-05,38.439999,0.009984
2021-01-06,38.110001,-0.008585
2021-01-07,38.529999,0.011021
2021-01-08,39.07,0.014015
2021-01-11,38.509998,-0.014333
2021-01-12,38.580002,0.001818
2021-01-13,38.596001,0.000415
2021-01-14,38.700001,0.002695
2021-01-15,37.970001,-0.018863
2021-01-19,38.48,0.013432
2021-01-20,38.744999,0.006887
2021-01-21,39.060001,0.00813
2021-01-22,39.029999,-0.000768
2021-01-25,39.049999,0.000512
2021-01-26,38.860001,-0.004866
2021-01-27,37.779999,-0.027792
2021-01-28,38.029999,0.006617
2021-01-29,37.27,-0.019984
2021-02-01,38.099998,0.02227
2021-02-02,38.490002,0.010236
2021-02-03,38.419998,-0.001819
2021-02-04,38.349998,-0.001822
2021-02-05,38.610001,0.00678
2021-02-08,38.900002,0.007511
2021-02-09,39.240002,0.00874
2021-02-10,39.09,-0.003823
2021-02-11,39.52,0.011
2021-02-12,39.84,0.008097
2021-02-16,40.040001,0.00502
2021-02-17,39.610001,-0.010739
2021-02-18,39.459999,-0.003787
2021-02-19,39.630001,0.004308
2021-02-22,39.029999,-0.01514
2021-02-23,38.77,-0.006661
2021-02-24,38.529999,-0.00619
2021-02-25,37.779999,-0.019465
2021-02-26,37.409,-0.00982
2021-03-01,38.130001,0.019273
2021-03-02,37.959999,-0.004458
2021-03-03,37.259998,-0.01844
2021-03-04,36.369999,-0.023886
2021-03-05,36.509998,0.003849
2021-03-08,35.810001,-0.019173
2021-03-09,36.700001,0.024853
2021-03-10,36.66,-0.00109
2021-03-11,37.34,0.018549
2021-03-12,37.349998,0.000268
2021-03-15,37.400002,0.001339
2021-03-16,37.68,0.007487
2021-03-17,37.849998,0.004512
2021-03-18,37.360001,-0.012946
2021-03-19,37.509998,0.004015
2021-03-22,37.591,0.002159
2021-03-23,37.220001,-0.009869
2021-03-24,36.91,-0.008329
2021-03-25,37.029999,0.003251
2021-03-26,37.689999,0.017823
2021-03-29,37.540001,-0.00398
2021-03-30,37.32,-0.00586
2021-03-31,37.599998,0.007503
2021-04-01,38.349998,0.019947
2021-04-05,38.860001,0.013299
2021-04-06,38.540001,-0.008235
2021-04-07,38.459999,-0.002076
2021-04-08,39.029999,0.014821
2021-04-09,39.259998,0.005893
2021-04-12,38.889999,-0.009424
2021-04-13,39.32,0.011057
2021-04-14,39.119999,-0.005086
2021-04-15,39.59,0.012014
2021-04-16,39.889999,0.007578
2021-04-19,39.669998,-0.005515
2021-04-20,39.049999,-0.015629
2021-04-21,39.5,0.011524
2021-04-22,39.490002,-0.000253
2021-04-23,39.880001,0.009876
2021-04-26,39.900002,0.000502
2021-04-27,39.779999,-0.003008
2021-04-28,39.880001,0.002514
2021-04-29,39.689999,-0.004764
2021-04-30,39.029999,-0.016629
2021-05-03,39.389999,0.009224
2021-05-04,38.599998,-0.020056
2021-05-05,39.139999,0.01399
2021-05-06,39.139999,0.0
2021-05-07,39.610001,0.012008
2021-05-10,39.139999,-0.011866
2021-05-11,38.549999,-0.015074
2021-05-12,37.630001,-0.023865
2021-05-13,37.790001,0.004252
2021-05-14,38.450001,0.017465
2021-05-17,38.299999,-0.003901
2021-05-18,38.52,0.005744
2021-05-19,38.32,-0.005192
2021-05-20,39.080002,0.019833
2021-05-21,39.099998,0.000512
2021-05-24,39.360001,0.00665
2021-05-25,39.560001,0.005081
2021-05-26,39.560001,0.0
2021-05-27,39.57,0.000253
2021-05-28,39.700001,0.003285
2021-06-01,40.049999,0.008816
2021-06-02,40.119999,0.001748
2021-06-03,39.82,-0.007478
2021-06-04,40.189999,0.009292
2021-06-07,40.220001,0.000747
2021-06-08,40.200001,-0.000497
2021-06-09,39.919998,-0.006965
2021-06-10,39.630001,-0.007264
2021-06-11,39.709999,0.002019
2021-06-14,39.779999,0.001763
2021-06-15,39.759998,-0.000503
2021-06-16,39.419998,-0.008551
2021-06-17,39.080002,-0.008625
2021-06-18,38.279999,-0.020471
2021-06-21,38.82,0.014107
2021-06-22,38.939999,0.003091
2021-06-23,38.73,-0.005393
2021-06-24,39.16,0.011103
2021-06-25,39.240002,0.002043
2021-06-28,38.950001,-0.00739
2021-06-29,39.040001,0.002311
2021-06-30,38.68,-0.009221
2021-07-01,38.630001,-0.001293
2021-07-02,38.779999,0.003883
2021-07-06,38.439999,-0.008767
2021-07-07,38.599998,0.004162
2021-07-08,37.919998,-0.017617
2021-07-09,38.900002,0.025844
2021-07-12,39.099998,0.005141
2021-07-13,38.799999,-0.007673
2021-07-14,38.939999,0.003608
2021-07-15,38.588001,-0.009039
2021-07-16,38.049999,-0.013942
2021-07-19,37.189999,-0.022602
2021-07-20,37.619999,0.011562
2021-07-21,38.400002,0.020734
2021-07-22,38.509998,0.002864
2021-07-23,38.82,0.00805
2021-07-26,39.049999,0.005925
2021-07-27,38.810001,-0.006146
2021-07-28,39.09,0.007215
2021-07-29,39.389999,0.007675
2021-07-30,39.139999,-0.006347
2021-08-02,39.34,0.00511
2021-08-03,39.700001,0.009151
2021-08-04,39.720001,0.000504
2021-08-05,39.82,0.002518
2021-08-06,39.799999,-0.000502
2021-08-09,39.73,-0.001759
2021-08-10,39.939999,0.005286
2021-08-11,40.209999,0.00676
2021-08-12,40.110001,-0.002487
2021-08-13,40.25,0.00349
2021-08-16,39.91,-0.008447
2021-08-17,39.43,-0.012027
2021-08-18,39.080002,-0.008876
2021-08-19,38.439999,-0.016377
2021-08-20,38.560001,0.003122
2021-08-23,39.119999,0.014523
2021-08-24,39.310001,0.004857
2021-08-25,39.442001,0.003358
2021-08-26,39.07,-0.009432
2021-08-27,39.610001,0.013821
2021-08-30,39.610001,0.0
2021-08-31,39.540001,-0.001767
2021-09-01,39.889999,0.008852
2021-09-02,40.189999,0.007521
2021-09-03,40.349998,0.003981
2021-09-07,40.439999,0.00223
2021-09-08,40.040001,-0.009891
2021-09-09,40.040001,0.0
2021-09-10,40.110001,0.001748
2021-09-13,40.400002,0.00723
2021-09-14,40.240002,-0.00396
2021-09-15,40.419998,0.004473
2021-09-16,40.32,-0.002474
2021-09-17,39.549999,-0.019097
2021-09-20,38.52,-0.026043
2021-09-21,38.869999,0.009086
2021-09-22,39.34,0.012092
2021-09-23,39.93,0.014997
2021-09-24,39.540001,-0.009767
2021-09-27,39.439999,-0.002529
2021-09-28,38.459999,-0.024848
2021-09-29,38.209999,-0.0065
2021-09-30,38.080002,-0.003402
2021-10-01,38.23,0.003939
2021-10-04,37.73,-0.013079
2021-10-05,38.150002,0.011132
2021-10-06,37.830002,-0.008388
2021-10-07,38.25,0.011102
2021-10-08,38.209999,-0.001046
2021-10-11,38.09,-0.003141
2021-10-12,38.290001,0.005251
2021-10-13,38.639999,0.009141
2021-10-14,39.259998,0.016046
2021-10-15,39.599998,0.00866
2021-10-18,39.459999,-0.003535
2021-10-19,39.799999,0.008616
2021-10-20,39.860001,0.001508
2021-10-21,39.619999,-0.006021
2021-10-22,39.970001,0.008834
2021-10-25,39.950001,-0.0005
2021-10-26,40.02,0.001752
2021-10-27,39.779999,-0.005997
2021-10-28,40.220001,0.011061
2021-10-29,39.959999,-0.006464
2021-11-01,40.330002,0.009259
2021-11-02,40.185001,-0.003595
2021-11-03,40.619999,0.010825
2021-11-04,40.439999,-0.004431
2021-11-05,40.529999,0.002226
2021-11-08,40.759998,0.005675
2021-11-09,40.560001,-0.004907
2021-11-10,39.98,-0.0143
2021-11-11,40.380001,0.010005
2021-11-12,40.75,0.009163
2021-11-15,40.66,-0.002209
2021-11-16,40.650002,-0.000246
2021-11-17,40.5,-0.00369
2021-11-18,40.57,0.001728
2021-11-19,40.200001,-0.00912
2021-11-22,39.93,-0.006716
2021-11-23,39.810001,-0.003005
2021-11-24,39.509998,-0.007536
2021-11-26,38.175999,-0.033764
2021-11-29,38.639999,0.012154
2021-11-30,38.110001,-0.013716
2021-12-01,37.84,-0.007085
2021-12-02,38.369999,0.014006
2021-12-03,38.16,-0.005473
2021-12-06,38.439999,0.007337
2021-12-07,39.5,0.027575
2021-12-08,39.529999,0.000759
2021-12-09,39.115002,-0.010498
2021-12-10,39.279999,0.004218
2021-12-13,37.119999,-0.05499
2021-12-14,36.82,-0.008082
2021-12-15,37.509998,0.01874
2021-12-16,37.450001,-0.0016
2021-12-17,36.740002,-0.018959
2021-12-20,36.610001,-0.003538
2021-12-21,37.139999,0.014477
2021-12-22,37.630001,0.013193
2021-12-23,37.779999,0.003986
2021-12-27,38.25,0.01244
2021-12-28,38.16,-0.002353
2021-12-29,38.209999,0.00131
2021-12-30,38.009998,-0.005234
2021-12-31,38.029999,0.000526
2022-01-03,38.115002,0.002235
2022-01-04,38.34,0.005903
2022-01-05,37.889999,-0.011737
2022-01-06,37.630001,-0.006862
2022-01-07,37.669998,0.001063
2022-01-10,37.150002,-0.013804
2022-01-11,37.57,0.011305
2022-01-12,38.09,0.013841
2022-01-13,37.639999,-0.011814
2022-01-14,37.630001,-0.000266
2022-01-18,37.07,-0.014882
2022-01-19,36.82,-0.006744
2022-01-20,36.529999,-0.007876
2022-01-21,35.950001,-0.015877
2022-01-24,35.439999,-0.014186
2022-01-25,35.290001,-0.004232
2022-01-26,35.150002,-0.003967
2022-01-27,34.91,-0.006828
2022-01-28,35.130001,0.006302
2022-01-31,35.880001,0.021349
2022-02-01,36.360001,0.013378
2022-02-02,36.82,0.012651
2022-02-03,36.130001,-0.01874
2022-02-04,36.18,0.001384
2022-02-07,36.150002,-0.000829
2022-02-08,36.290001,0.003873
2022-02-09,37.040001,0.020667
2022-02-10,36.493,-0.014768
2022-02-11,35.810001,-0.018716
2022-02-14,35.490002,-0.008936
2022-02-15,36.220001,0.020569
2022-02-16,36.279999,0.001656
2022-02-17,35.610001,-0.018467
2022-02-18,35.330002,-0.007863
2022-02-22,34.950001,-0.010756
2022-02-23,34.59,-0.0103
2022-02-24,34.23,-0.010408
2022-02-25,35.200001,0.028338
2022-02-28,34.639999,-0.015909
2022-03-01,33.720001,-0.026559
2022-03-02,34.369999,0.019276
2022-03-03,33.799999,-0.016584
2022-03-04,32.82,-0.028994
2022-03-07,31.91,-0.027727
2022-03-08,32.09,0.005641
2022-03-09,33.48,0.043316
2022-03-10,33.049999,-0.012843
2022-03-11,32.773998,-0.008351
2022-03-14,32.945,0.005218
2022-03-15,33.34,0.01199
2022-03-16,34.650002,0.039292
2022-03-17,35.080002,0.01241
2022-03-18,35.43,0.009977
2022-03-21,35.360001,-0.001976
2022-03-22,35.75,0.011029
2022-03-23,35.240002,-0.014266
2022-03-24,35.563999,0.009194
2022-03-25,35.540001,-0.000675
2022-03-28,35.487,-0.001491
2022-03-29,36.240002,0.021219
2022-03-30,36.060001,-0.004967
2022-03-31,35.459999,-0.016639
2022-04-01,35.700001,0.006768
2022-04-04,35.931,0.006471
2022-04-05,35.32,-0.017005
2022-04-06,34.82,-0.014156
2022-04-07,34.889999,0.00201
2022-04-08,34.790001,-0.002866
2022-04-11,34.419998,-0.010635
2022-04-12,34.099998,-0.009297
2022-04-13,34.619999,0.015249
2022-04-14,34.48,-0.004044
2022-04-18,34.330002,-0.00435
2022-04-19,34.529999,0.005826
2022-04-20,34.779999,0.00724
2022-04-21,34.290001,-0.014088
2022-04-22,33.580002,-0.020706
2022-04-25,33.380001,-0.005956
2022-04-26,32.279999,-0.032954
2022-04-27,32.490002,0.006506
2022-04-28,33.09,0.018467
2022-04-29,32.619999,-0.014204
2022-05-02,32.580002,-0.001226
2022-05-03,32.830002,0.007673
2022-05-04,33.470001,0.019494
2022-05-05,32.330002,-0.03406
2022-05-06,31.969999,-0.011135
2022-05-09,30.75,-0.038161
2022-05-10,30.969999,0.007154
2022-05-11,30.799999,-0.005489
2022-05-12,30.67,-0.004221
2022-05-13,31.57,0.029345
2022-05-16,31.57,0.0
2022-05-17,32.32,0.023757
2022-05-18,31.43,-0.027537
2022-05-19,31.65,0.007
2022-05-20,31.799999,0.004739
2022-05-23,32.490002,0.021698
2022-05-24,32.279999,-0.006464
2022-05-25,32.360001,0.002478
2022-05-26,32.790001,0.013288
2022-05-27,33.310001,0.015859
2022-05-31,33.209999,-0.003002
2022-06-01,33.009998,-0.006022
2022-06-02,33.450001,0.013329
2022-06-03,33.150002,-0.008969
2022-06-06,33.189999,0.001207
2022-06-07,33.380001,0.005725
2022-06-08,32.990002,-0.011684
2022-06-09,31.84,-0.034859
2022-06-10,31.23,-0.019158
2022-06-13,30.35,-0.028178
2022-06-14,29.959999,-0.01285
2022-06-15,30.389999,0.014352
2022-06-16,29.84,-0.018098
2022-06-17,29.440001,-0.013405
2022-06-21,29.93,0.016644
2022-06-22,29.65,-0.009355
2022-06-23,29.42,-0.007757
2022-06-24,30.110001,0.023453
2022-06-27,30.32,0.006974
2022-06-28,30.18,-0.004617
2022-06-29,30.110001,-0.002319
2022-06-30,29.93,-0.005978
2022-07-01,29.93,0.0
2022-07-05,29.23,-0.023388
2022-07-06,29.16,-0.002395
2022-07-07,29.6,0.015089
2022-07-08,29.57,-0.001014
2022-07-11,29.26,-0.010484
2022-07-12,29.18,-0.002734
2022-07-13,29.139999,-0.001371
2022-07-14,28.59,-0.018874
2022-07-15,29.139999,0.019237
2022-07-18,29.280001,0.004804
2022-07-19,29.940001,0.022541
2022-07-20,29.73,-0.007014
2022-07-21,29.870001,0.004709
2022-07-22,29.84,-0.001004
2022-07-25,30.139999,0.010054
2022-07-26,29.99,-0.004977
2022-07-27,30.459999,0.015672
2022-07-28,30.66,0.006566
2022-07-29,30.860001,0.006523
2022-08-01,30.889999,0.000972
2022-08-02,30.530001,-0.011654
2022-08-03,30.4,-0.004258
2022-08-04,30.42,0.000658
2022-08-05,30.299999,-0.003945
2022-08-08,30.379999,0.00264
2022-08-09,30.360001,-0.000658
2022-08-10,30.83,0.015481
2022-08-11,30.889999,0.001946
2022-08-12,31.09,0.006475
2022-08-15,30.85,-0.00772
2022-08-16,30.91,0.001945
2022-08-17,30.83,-0.002588
2022-08-18,30.799999,-0.000973
2022-08-19,30.559999,-0.007792
2022-08-22,30.35,-0.006872
2022-08-23,30.5,0.004942
2022-08-24,30.540001,0.001312
2022-08-25,30.85,0.010151
2022-08-26,30.26,-0.019125
2022-08-29,30.202,-0.001917
2022-08-30,29.780001,-0.013973
2022-08-31,29.459999,-0.010746
2022-09-01,29.02,-0.014935
2022-09-02,28.99,-0.001034
2022-09-06,28.9,-0.003105
2022-09-07,28.940001,0.001384
2022-09-08,29.059999,0.004146
2022-09-09,29.75,0.023744
2022-09-12,30.08,0.011092
2022-09-13,29.24,-0.027926
2022-09-14,29.360001,0.004104
2022-09-15,29.02,-0.01158
2022-09-16,28.809999,-0.007236
2022-09-19,28.91,0.003471
2022-09-20,28.57,-0.011761
2022-09-21,28.200001,-0.012951
2022-09-22,28.15,-0.001773
2022-09-23,27.09,-0.037655
2022-09-26,26.629999,-0.01698
2022-09-27,26.610001,-0.000751
2022-09-28,27.24,0.023675
2022-09-29,27.040001,-0.007342
2022-09-30,26.860001,-0.006657
2022-10-03,27.549999,0.025689
2022-10-04,28.49,0.03412
2022-10-05,28.200001,-0.010179
2022-10-06,27.709999,-0.017376
2022-10-07,27.42,-0.010466
2022-10-10,27.219999,-0.007294
2022-10-11,27.02,-0.007347
2022-10-12,26.9,-0.004441
2022-10-13,27.540001,0.023792
2022-10-14,26.98,-0.020334
2022-10-17,27.610001,0.023351
2022-10-18,27.690001,0.002897
2022-10-19,27.469999,-0.007945
2022-10-20,27.4,-0.002548
2022-10-21,27.85,0.016423
2022-10-24,27.98,0.004668
2022-10-25,28.450001,0.016798
2022-10-26,28.799999,0.012302
2022-10-27,28.59,-0.007292
2022-10-28,28.84,0.008744
2022-10-31,28.707001,-0.004612
2022-11-01,28.889999,0.006375
2022-11-02,28.65,-0.008307
2022-11-03,28.459999,-0.006632
2022-11-04,29.290001,0.029164
2022-11-07,29.365,0.002561
2022-11-08,29.6,0.008003
2022-11-09,29.1,-0.016892
2022-11-10,30.33,0.042268
2022-11-11,30.540001,0.006924
2022-11-14,30.379999,-0.005239
2022-11-15,30.559999,0.005925
2022-11-16,30.5,-0.001963
2022-11-17,30.42,-0.002623
2022-11-18,30.57,0.004931
2022-11-21,30.412001,-0.005168
2022-11-22,30.959999,0.018019
2022-11-23,31.290001,0.010659
2022-11-25,31.448,0.00505
2022-11-28,31.120001,-0.01043
2022-11-29,31.190001,0.002249
2022-11-30,31.67,0.01539
2022-12-01,31.76,0.002842
2022-12-02,31.65,-0.003463
2022-12-05,31.23,-0.01327
2022-12-06,31.07,-0.005123
2022-12-07,31.110001,0.001287
2022-12-08,31.226999,0.003761
2022-12-09,31.190001,-0.001185
2022-12-12,31.299999,0.003527
2022-12-13,31.360001,0.001917
2022-12-14,31.33,-0.000957
2022-12-15,30.76,-0.018193
2022-12-16,30.6,-0.005202
2022-12-19,30.49,-0.003595
2022-12-20,30.780001,0.009511
2022-12-21,31.059999,0.009097
2022-12-22,30.84,-0.007083
2022-12-23,31.059999,0.007134
2022-12-27,31.09,0.000966
2022-12-28,30.709999,-0.012223
2022-12-29,31.02,0.010094
2022-12-30,30.83,-0.006125
2023-01-03,30.77,-0.001946
2023-01-04,30.780001,0.000325
2023-01-05,30.52,-0.008447
2023-01-06,31.209999,0.022608
2023-01-09,31.26,0.001602
2023-01-10,31.290001,0.00096
2023-01-11,31.34,0.001598
2023-01-12,31.879999,0.01723
2023-01-13,32.060001,0.005646
2023-01-17,32.169998,0.003431
2023-01-18,32.049999,-0.00373
2023-01-19,32.110001,0.001872
2023-01-20,32.349998,0.007474
2023-01-23,32.349998,0.0
2023-01-24,32.419998,0.002164
2023-01-25,32.52,0.003085
2023-01-26,32.560001,0.00123
2023-01-27,32.470001,-0.002764
2023-01-30,32.310001,-0.004928
2023-01-31,32.450001,0.004333
2023-02-01,32.470001,0.000616
2023-02-02,32.060001,-0.012627
2023-02-03,31.940001,-0.003743
2023-02-06,31.68,-0.00814
2023-02-07,32.099998,0.013258
2023-02-08,31.959999,-0.004361
2023-02-09,32.060001,0.003129
2023-02-10,32.257,0.006145
2023-02-13,32.470001,0.006603
2023-02-14,32.490002,0.000616
2023-02-15,32.32,-0.005232
2023-02-16,32.189999,-0.004022
2023-02-17,32.169998,-0.000621
2023-02-21,31.98,-0.005906
2023-02-22,31.75,-0.007192
2023-02-23,31.969999,0.006929
2023-02-24,31.6,-0.011573
2023-02-27,31.9,0.009494
2023-02-28,31.629999,-0.008464
2023-03-01,31.84,0.006639
2023-03-02,31.870001,0.000942
2023-03-03,32.259998,0.012237
2023-03-06,32.220001,-0.00124
2023-03-07,31.76,-0.014277
2023-03-08,31.9,0.004408
2023-03-09,31.809999,-0.002821
2023-03-10,31.450001,-0.011317
2023-03-13,31.02,-0.013673
2023-03-14,31.219999,0.006447
2023-03-15,30.32,-0.028828
2023-03-16,30.639999,0.010554
2023-03-17,30.370001,-0.008812
2023-03-20,30.926001,0.018308
2023-03-21,31.32,0.01274
2023-03-22,31.23,-0.002874
2023-03-23,31.129999,-0.003202
2023-03-24,31.07,-0.001927
2023-03-27,31.469999,0.012874
2023-03-28,31.639999,0.005402
2023-03-29,31.860001,0.006953
2023-03-30,32.209999,0.010986
2023-03-31,32.319,0.003384
2023-04-03,32.799999,0.014883
2023-04-04,32.740002,-0.001829
2023-04-05,32.619999,-0.003665
2023-04-06,32.700001,0.002453
2023-04-10,32.68,-0.000612
2023-04-11,32.849998,0.005202
2023-04-12,33.09,0.007306
2023-04-13,33.43,0.010275
2023-04-14,33.330002,-0.002991
2023-04-17,33.299999,-0.0009
2023-04-18,33.470001,0.005105
2023-04-19,33.349998,-0.003585
2023-04-20,33.369999,0.0006
2023-04-21,33.529999,0.004795
2023-04-24,33.650002,0.003579
2023-04-25,33.240002,-0.012184
2023-04-26,33.150002,-0.002708
2023-04-27,33.419998,0.008145
2023-04-28,33.441002,0.000628
2023-05-01,33.41,-0.000927
2023-05-02,32.880001,-0.015863
2023-05-03,32.889999,0.000304
2023-05-04,32.779999,-0.003345
2023-05-05,33.310001,0.016168
2023-05-08,33.323002,0.00039
2023-05-09,33.419998,0.002911
2023-05-10,33.299999,-0.003591
2023-05-11,33.119999,-0.005405
2023-05-12,33.150002,0.000906
2023-05-15,33.400002,0.007541
2023-05-16,33.09,-0.009281
2023-05-17,33.299999,0.006346
2023-05-18,33.174999,-0.003754
2023-05-19,33.349998,0.005275
2023-05-22,33.310001,-0.001199
2023-05-23,33.040001,-0.008106
2023-05-24,32.57,-0.014225
2023-05-25,32.380001,-0.005834
2023-05-26,32.580002,0.006177
2023-05-30,32.200001,-0.011664
2023-05-31,31.870001,-0.010248
2023-06-01,32.349998,0.015061
2023-06-02,32.759998,0.012674
2023-06-05,32.580002,-0.005494
2023-06-06,32.84,0.00798
2023-06-07,32.110001,-0.022229
2023-06-08,32.459999,0.0109
2023-06-09,32.450001,-0.000308
2023-06-12,32.610001,0.004931
2023-06-13,32.91,0.0092
2023-06-14,33.029999,0.003646
2023-06-15,33.380001,0.010596
2023-06-16,33.380001,0.0
2023-06-20,32.990002,-0.011684
2023-06-21,33.099998,0.003334
2023-06-22,32.950001,-0.004532
2023-06-23,32.389999,-0.016995
2023-06-26,32.419998,0.000926
2023-06-27,32.740002,0.009871
2023-06-28,32.759998,0.000611
2023-06-29,32.720001,-0.001221
2023-06-30,33.200001,0.01467
2023-07-03,33.071999,-0.003855
2023-07-05,32.709999,-0.010946
2023-07-06,32.07,-0.019566
2023-07-07,32.310001,0.007484
2023-07-10,32.419998,0.003404
2023-07-11,32.669998,0.007711
2023-07-12,33.279999,0.018672
2023-07-13,33.790001,0.015325
2023-07-14,33.66,-0.003847
2023-07-17,33.540001,-0.003565
2023-07-18,33.740002,0.005963
2023-07-19,33.619999,-0.003557
2023-07-20,33.470001,-0.004462
2023-07-21,33.529999,0.001793
2023-07-24,33.41,-0.003579
2023-07-25,33.43,0.000599
2023-07-26,33.43,0.0
2023-07-27,33.459999,0.000897
2023-07-28,33.799999,0.010161
2023-07-31,33.830002,0.000888
2023-08-01,33.419998,-0.01212
2023-08-02,32.779999,-0.01915
2023-08-03,32.689999,-0.002746
2023-08-04,32.810001,0.003671
2023-08-07,33.080002,0.008229
2023-08-08,33.02,-0.001814
2023-08-09,33.02,0.0
2023-08-10,33.130001,0.003331
2023-08-11,32.919998,-0.006339
2023-08-14,32.790001,-0.003949
2023-08-15,32.415001,-0.011436
2023-08-16,32.18,-0.00725
2023-08-17,31.950001,-0.007147
2023-08-18,31.889999,-0.001878
2023-08-21,32.049999,0.005017
2023-08-22,31.98,-0.002184
2023-08-23,32.334999,0.011101
2023-08-24,31.9,-0.013453
2023-08-25,32.109001,0.006552
2023-08-28,32.450001,0.01062
2023-08-29,32.849998,0.012327
2023-08-30,32.84,-0.000304
2023-08-31,32.650002,-0.005786
2023-09-01,32.689999,0.001225
2023-09-05,32.419998,-0.008259
2023-09-06,32.279999,-0.004318
2023-09-07,32.23,-0.001549
2023-09-08,32.209999,-0.000621
2023-09-11,32.59,0.011798
2023-09-12,32.459999,-0.003989
2023-09-13,32.310001,-0.004621
2023-09-14,32.73,0.012999
2023-09-15,32.669998,-0.001833
2023-09-18,32.540001,-0.003979
2023-09-19,32.549999,0.000307
2023-09-20,32.490002,-0.001843
2023-09-21,31.969999,-0.016005
2023-09-22,32.0,0.000938
2023-09-25,31.809999,-0.005938
2023-09-26,31.42,-0.01226
2023-09-27,31.370001,-0.001591
2023-09-28,31.620001,0.007969
2023-09-29,31.48,-0.004428
2023-10-02,31.094999,-0.01223
2023-10-03,30.711,-0.012349
2023-10-04,30.76,0.001596
2023-10-05,31.1,0.011053
2023-10-06,31.469999,0.011897
2023-10-09,31.362,-0.003432
2023-10-10,31.75,0.012372
2023-10-11,31.950001,0.006299
2023-10-12,31.674999,-0.008607
2023-10-13,31.43,-0.007735
2023-10-16,31.66,0.007318
2023-10-17,31.68,0.000632
2023-10-18,31.219999,-0.01452
2023-10-19,30.989,-0.007399
2023-10-20,30.709999,-0.009003
2023-10-23,30.780001,0.002279
2023-10-24,30.98,0.006498
2023-10-25,30.84,-0.004519
2023-10-26,30.5,-0.011025
2023-10-27,30.443001,-0.001869
2023-10-30,30.905001,0.015176
2023-10-31,31.004999,0.003236
2023-11-01,31.32,0.01016
2023-11-02,31.9,0.018519
2023-11-03,32.150002,0.007837
2023-11-06,32.040001,-0.003421
2023-11-07,31.879999,-0.004994
2023-11-08,31.83,-0.001568
2023-11-09,31.809999,-0.000628
2023-11-10,32.009998,0.006287
2023-11-13,32.119999,0.003436
2023-11-14,32.849998,0.022727
2023-11-15,32.799999,-0.001522
2023-11-16,32.82,0.00061
2023-11-17,33.25,0.013102
2023-11-20,33.470001,0.006617
2023-11-21,33.34,-0.003884
2023-11-22,33.419998,0.002399
2023-11-24,33.630001,0.006284
2023-11-27,33.529999,-0.002974
2023-11-28,33.52,-0.000298
2023-11-29,33.5,-0.000597
2023-11-30,33.470001,-0.000895
2023-12-01,33.855,0.011503
2023-12-04,33.490002,-0.010781
2023-12-05,33.310001,-0.005375
2023-12-06,33.43,0.003602
2023-12-07,33.619999,0.005683
2023-12-08,33.610001,-0.000297
2023-12-11,33.709999,0.002975
2023-12-12,33.779999,0.002077
2023-12-13,34.25,0.013914
2023-12-14,34.099998,-0.00438
2023-12-15,33.68,-0.012317
2023-12-18,33.799999,0.003563
2023-12-19,34.0,0.005917
2023-12-20,33.34,-0.019412
2023-12-21,33.889999,0.016497
2023-12-22,34.0,0.003246
2023-12-26,34.060001,0.001765
2023-12-27,34.27,0.006166
2023-12-28,34.240002,-0.000875
2023-12-29,34.290001,0.00146
2024-01-02,33.880001,-0.011957
2024-01-03,33.709999,-0.005018
2024-01-04,33.889999,0.00534
2024-01-05,34.09,0.005901
2024-01-08,34.5,0.012027
2024-01-09,34.199001,-0.008725
2024-01-10,34.576,0.011024
2024-01-11,34.66,0.002429
2024-01-12,34.880001,0.006347
2024-01-16,34.549999,-0.009461
2024-01-17,34.299999,-0.007236
2024-01-18,34.683998,0.011195
2024-01-19,34.779999,0.002768
2024-01-22,34.950001,0.004888
2024-01-23,34.740002,-0.006009
2024-01-24,35.049999,0.008923
2024-01-25,35.009998,-0.001141
2024-01-26,34.919998,-0.002571
2024-01-29,35.240002,0.009164
2024-01-30,35.299999,0.001703
2024-01-31,35.34,0.001133
2024-02-01,35.700001,0.010187
2024-02-02,35.509998,-0.005322
2024-02-05,35.369999,-0.003943
2024-02-06,35.59,0.00622
2024-02-07,35.779999,0.005339
2024-02-08,35.619999,-0.004472
2024-02-09,35.82,0.005615
2024-02-12,35.869999,0.001396
2024-02-13,35.560001,-0.008642
2024-02-14,35.959999,0.011249
2024-02-15,36.310001,0.009733
2024-02-16,36.400002,0.002479
2024-02-20,36.580002,0.004945
2024-02-21,36.509998,-0.001914
2024-02-22,37.130001,0.016982
2024-02-23,37.25,0.003232
2024-02-26,37.27,0.000537
2024-02-27,37.299999,0.000805
2024-02-28,37.139999,-0.00429
2024-02-29,37.25,0.002962
2024-03-01,37.789001,0.01447
2024-03-04,37.779999,-0.000238
2024-03-05,37.84,0.001588
2024-03-06,38.310001,0.012421
2024-03-07,38.759998,0.011746
2024-03-08,38.610001,-0.00387
2024-03-11,38.029999,-0.015022
2024-03-12,38.389999,0.009466
2024-03-13,38.32,-0.001823
2024-03-14,38.16,-0.004175
2024-03-15,38.330002,0.004455
2024-03-18,38.5,0.004435
2024-03-19,38.700001,0.005195
2024-03-20,39.060001,0.009302
2024-03-21,39.240002,0.004608
2024-03-22,39.209999,-0.000765
2024-03-25,39.09,-0.00306
2024-03-26,39.169998,0.002047
2024-03-27,39.360001,0.004851
2024-03-28,39.23,-0.003303
2024-04-01,38.810001,-0.010706
2024-04-02,38.599998,-0.005411
2024-04-03,38.91,0.008031
2024-04-04,38.52,-0.010023
2024-04-05,38.709999,0.004932
2024-04-08,38.970001,0.006717
2024-04-09,38.869999,-0.002566
2024-04-10,38.380001,-0.012606
2024-04-11,38.59,0.005472
2024-04-12,38.029999,-0.014512
2024-04-15,37.990002,-0.001052
2024-04-16,37.419998,-0.015004
2024-04-17,37.419998,0.0
2024-04-18,37.32,-0.002672
2024-04-19,37.209999,-0.002947
2024-04-22,37.580002,0.009944
2024-04-23,38.040001,0.012241
2024-04-24,38.049999,0.000263
2024-04-25,37.610001,-0.011564
2024-04-26,37.889999,0.007445
2024-04-29,38.064999,0.004619
2024-04-30,37.639999,-0.011165
2024-05-01,37.549999,-0.002391
2024-05-02,38.055,0.013449
2024-05-03,38.400002,0.009066
2024-05-06,38.75,0.009115
2024-05-07,38.650002,-0.002581
2024-05-08,38.470001,-0.004657
2024-05-09,38.700001,0.005979
2024-05-10,38.639999,-0.00155
2024-05-13,38.57,-0.001812
2024-05-14,38.830002,0.006741
2024-05-15,39.299999,0.012104
2024-05-16,38.939999,-0.00916
2024-05-17,39.189999,0.00642
2024-05-20,39.360001,0.004338
2024-05-21,39.360001,0.0
2024-05-22,38.939999,-0.010671
2024-05-23,38.880001,-0.001541
2024-05-24,39.290001,0.010545
2024-05-28,39.400002,0.0028
2024-05-29,38.75,-0.016498
2024-05-30,39.009998,0.00671
2024-05-31,39.450001,0.011279
2024-06-03,39.630001,0.004563
2024-06-04,39.470001,-0.004037
2024-06-05,39.77,0.007601
2024-06-06,39.919998,0.003772
2024-06-07,39.549999,-0.009269
2024-06-10,39.720001,0.004298
2024-06-11,38.759998,-0.024169
2024-06-12,39.27,0.013158
2024-06-13,38.490002,-0.019862
2024-06-14,38.150002,-0.008833
2024-06-17,38.23,0.002097
2024-06-18,38.400002,0.004447
2024-06-20,38.450001,0.001302
2024-06-21,38.139999,-0.008062
2024-06-24,38.310001,0.004457
2024-06-25,38.689999,0.009919
2024-06-26,38.470001,-0.005686
2024-06-27,38.630001,0.004159
2024-06-28,38.689999,0.001553
2024-07-01,38.869999,0.004652
2024-07-02,39.099998,0.005917
2024-07-03,39.560001,0.011765
2024-07-05,39.810001,0.00632
2024-07-08,39.689999,-0.003014
2024-07-09,39.52,-0.004283
2024-07-10,40.259998,0.018725
2024-07-11,40.02,-0.005961
2024-07-12,40.41,0.009745
2024-07-15,40.150002,-0.006434
2024-07-16,40.57,0.010461
2024-07-17,39.830002,-0.01824
2024-07-18,39.23,-0.015064
2024-07-19,39.009998,-0.005608
2024-07-22,39.48,0.012048
2024-07-23,39.34,-0.003546
2024-07-24,38.599998,-0.01881
2024-07-25,38.07,-0.013731
2024-07-26,38.639999,0.014972
2024-07-29,38.52,-0.003106
2024-07-30,38.610001,0.002336
2024-07-31,39.57,0.024864
2024-08-01,38.0,-0.039677
2024-08-02,36.540001,-0.038421
2024-08-05,35.700001,-0.022989
2024-08-06,35.799999,0.002801
2024-08-07,36.080002,0.007821
2024-08-08,36.990002,0.025222
2024-08-09,37.0,0.00027
2024-08-12,37.095001,0.002568
2024-08-13,37.990002,0.024127
2024-08-14,38.189999,0.005264
2024-08-15,38.98,0.020686
2024-08-16,39.130001,0.003848
2024-08-19,39.5,0.009456
2024-08-20,39.32,-0.004557
2024-08-21,39.689999,0.00941
2024-08-22,39.459999,-0.005795
2024-08-23,40.209999,0.019007
2024-08-26,39.73,-0.011937
2024-08-27,39.990002,0.006544
2024-08-28,39.84,-0.003751
2024-08-29,40.02,0.004518
2024-08-30,40.240002,0.005497
2024-09-03,39.450001,-0.019632
2024-09-04,39.029999,-0.010646
2024-09-05,39.049999,0.000512
2024-09-06,37.919998,-0.028937
2024-09-09,38.5,0.015295
2024-09-10,38.310001,-0.004935
2024-09-11,38.810001,0.013051
2024-09-12,39.27,0.011853
2024-09-13,39.27,0.0
2024-09-16,39.669998,0.010186
2024-09-17,39.240002,-0.010839
2024-09-18,39.139999,-0.002548
2024-09-19,40.330002,0.030404
2024-09-20,39.970001,-0.008926
2024-09-23,40.189999,0.005504
2024-09-24,40.25,0.001493
2024-09-25,40.049999,-0.004969
2024-09-26,41.130001,0.026966
2024-09-27,40.25,-0.021396
2024-09-30,40.380001,0.00323
2024-10-01,40.110001,-0.006686
2024-10-02,39.919998,-0.004737
2024-10-03,39.59,-0.008266
2024-10-04,39.689999,0.002526
2024-10-07,39.380001,-0.00781
2024-10-08,39.84,0.011681
2024-10-09,39.650002,-0.004769
2024-10-10,39.639999,-0.000252
2024-10-11,39.860001,0.00555
2024-10-14,40.130001,0.006774
2024-10-15,39.849998,-0.006977
2024-10-16,40.049999,0.005019
2024-10-17,40.09,0.000999
2024-10-18,40.389999,0.007483
2024-10-21,39.82,-0.014112
2024-10-22,39.68,-0.003516
2024-10-23,39.369999,-0.007813
2024-10-24,39.5,0.003302
2024-10-25,39.349998,-0.003798
2024-10-28,39.595001,0.006226
2024-10-29,39.439999,-0.003915
2024-10-30,39.259998,-0.004564
2024-10-31,38.759998,-0.012736
2024-11-01,38.950001,0.004902
2024-11-04,39.07,0.003081
2024-11-05,39.32,0.006399
2024-11-06,38.759998,-0.014242
2024-11-07,39.299999,0.013932
2024-11-08,38.959999,-0.008651
